id,name,datetime,department_id,job_id
2,Ty Hofer,2021-05-30 05:43:46+00:00,8.0,
67,Thia Morican,2021-03-10 19:27:10+00:00,,104.0
84,Ludvig Norwood,2021-02-26 18:47:53+00:00,3.0,
87,Cirstoforo Martinetto,2021-10-15 09:19:20+00:00,,84.0
97,Beltran Natte,2021-11-01 05:12:01+00:00,,67.0
133,Jennine Wapol,2022-01-24 14:45:57+00:00,,49.0
157,Kellia Barribal,,4.0,61.0
162,,2021-04-22 14:31:39+00:00,4.0,91.0
198,Carline Fryman,2021-05-29 00:23:02+00:00,5.0,
207,Ahmad Fader,2021-05-03 04:57:25+00:00,,66.0
216,Theobald Tzarkov,2022-01-26 14:56:48+00:00,,87.0
340,,2022-01-13 21:09:49+00:00,4.0,45.0
350,,2021-07-13 23:34:40+00:00,10.0,86.0
393,Bogey Hanwell,2022-01-05 17:29:34+00:00,6.0,
533,Tiertza Vanyashin,2022-02-04 20:16:06+00:00,3.0,
571,,2021-11-28 02:28:40+00:00,7.0,69.0
623,,2022-01-04 17:42:48+00:00,7.0,48.0
663,Catha Gowrie,,4.0,85.0
685,Bruno Pales,2022-01-16 19:23:39+00:00,,92.0
758,Dyanne Rainy,2021-06-11 00:56:42+00:00,8.0,
766,,2021-05-31 05:31:53+00:00,2.0,67.0
773,,2021-11-16 02:34:50+00:00,5.0,35.0
789,Jennine Fakeley,,2.0,94.0
792,Hetty Cawthery,2022-01-21 11:08:04+00:00,10.0,
824,Kaitlynn Rannald,2021-04-18 15:11:19+00:00,,64.0
831,,2021-10-22 16:30:46+00:00,6.0,11.0
832,Letta Paull,2021-10-29 02:35:02+00:00,,122.0
932,Celeste Stops,2021-02-07 22:14:01+00:00,8.0,
937,,2021-03-26 20:41:40+00:00,3.0,60.0
942,Joaquin Kamenar,2021-11-29 11:54:05+00:00,,64.0
955,Shena Gore,2021-08-16 21:25:08+00:00,9.0,
961,Lionello Andriesse,2022-02-12 05:19:44+00:00,8.0,
970,,2021-08-08 06:06:40+00:00,4.0,33.0
1049,,2021-05-08 23:05:13+00:00,6.0,91.0
1092,Floria Bineham,,7.0,137.0
1095,Lowell Blaber,,9.0,141.0
1098,Colman Bleesing,2021-10-12 17:55:32+00:00,,77.0
1110,Renee Bowe,2021-08-31 20:26:32+00:00,,112.0
1130,,2021-10-19 08:43:38+00:00,1.0,128.0
1170,,2021-03-15 10:47:48+00:00,7.0,130.0
1195,,2021-08-13 09:22:18+00:00,10.0,54.0
1252,Merrily Di Biaggi,,7.0,19.0
1279,Phaidra Dubbin,2021-10-25 12:19:32+00:00,,38.0
1304,Tildie Elby,2021-09-29 14:02:27+00:00,8.0,
1322,,2021-03-26 23:44:34+00:00,5.0,47.0
1323,Erv Fazan,,8.0,34.0
1413,Berna Grigorkin,2021-08-02 13:21:07+00:00,,103.0
1423,Rozelle Hadleigh,2021-08-08 01:23:27+00:00,,108.0
1432,Jerrine Hammerson,2022-01-20 22:47:27+00:00,,98.0
1463,Shell Houdhury,2022-01-04 17:20:18+00:00,,50.0
1467,Sully Huc,,8.0,148.0
1474,Calhoun Iacovolo,2021-03-06 03:02:20+00:00,7.0,
1483,Paco Ivain,,5.0,41.0
1493,,2021-03-20 10:48:47+00:00,10.0,153.0
1523,Darelle Kenaway,2021-05-08 10:51:07+00:00,7.0,
1561,Saxon Lehmann,2021-10-28 18:29:31+00:00,3.0,
1589,Emmeline MacGrath,2021-12-12 04:57:39+00:00,11.0,
1590,Niven Mackrell,2021-05-17 07:18:48+00:00,,85.0
1613,Sigrid Matysik,2022-02-15 21:20:01+00:00,,143.0
1686,Bessy Oakeby,,4.0,53.0
1688,,2022-01-20 19:51:12+00:00,11.0,100.0
1714,Mala Pales,2021-05-04 04:52:48+00:00,,70.0
1780,Annabelle Reilly,,6.0,46.0
1799,,2021-03-10 07:35:09+00:00,8.0,111.0
1814,Theodore Sammut,,6.0,86.0
1858,,2021-06-28 03:01:01+00:00,6.0,144.0
1860,Marin Slipper,2022-02-08 10:39:02+00:00,4.0,
1869,Cesaro Solomon,,6.0,66.0
1925,Cary Tothe,,3.0,104.0
1987,Shaina Wyldish,2021-12-13 10:05:09+00:00,,102.0
